{"cameraMode":{"drawMode":0,"name":"Shaded","section":"Shading Mode"},"sceneLighting":false,"audioPlay":false,"sceneViewState":{"showFog":true,"showMaterialUpdate":false,"showSkybox":false,"showFlares":true,"showImageEffects":true,"showParticleSystems":true},"in2DMode":false,"pivot":{"x":-0.027254700660705568,"y":0.14315736293792725,"z":0.014196395874023438},"rotation":{"x":0.2104865163564682,"y":-0.7671986818313599,"z":0.3102770745754242,"w":0.5204966068267822},"size":0.8285608887672424,"orthographic":false}