{"cameraMode":{"drawMode":0,"name":"Shaded","section":"Shading Mode"},"sceneLighting":false,"audioPlay":false,"sceneViewState":{"showFog":true,"showMaterialUpdate":false,"showSkybox":false,"showFlares":true,"showImageEffects":true,"showParticleSystems":true},"in2DMode":false,"pivot":{"x":120.24261474609375,"y":-80.57087707519531,"z":-359.5248718261719},"rotation":{"x":0.017065396532416345,"y":0.9819481372833252,"z":-0.10825686901807785,"w":0.1544235199689865},"size":193.751708984375,"orthographic":false}