{"cameraMode":{"drawMode":0,"name":"Shaded","section":"Shading Mode"},"sceneLighting":false,"audioPlay":false,"sceneViewState":{"showFog":true,"showMaterialUpdate":false,"showSkybox":false,"showFlares":true,"showImageEffects":true,"showParticleSystems":true},"in2DMode":false,"pivot":{"x":25.029821395874025,"y":26.187253952026368,"z":-392.6136474609375},"rotation":{"x":-0.000670049455948174,"y":0.999311625957489,"z":0.029679419472813607,"w":0.02397858165204525},"size":197.23851013183595,"orthographic":false}