{"cameraMode":{"drawMode":0,"name":"Shaded","section":"Shading Mode"},"sceneLighting":true,"audioPlay":false,"sceneViewState":{"showFog":true,"showMaterialUpdate":false,"showSkybox":true,"showFlares":true,"showImageEffects":true,"showParticleSystems":true},"in2DMode":false,"pivot":{"x":0.8494181036949158,"y":5.5836052894592289,"z":0.5034725666046143},"rotation":{"x":-0.053947724401950839,"y":0.9443777203559876,"z":-0.19863250851631165,"w":-0.2564893662929535},"size":4.792724132537842,"orthographic":false}