{"cameraMode":{"drawMode":0,"name":"Shaded","section":"Shading Mode"},"sceneLighting":true,"audioPlay":false,"sceneViewState":{"showFog":true,"showMaterialUpdate":false,"showSkybox":true,"showFlares":true,"showImageEffects":true,"showParticleSystems":true},"in2DMode":false,"pivot":{"x":6.143622398376465,"y":6.048750877380371,"z":-6.329598426818848},"rotation":{"x":-0.0041387868113815788,"y":0.14826297760009767,"z":0.0006584388320334256,"w":0.9889893531799316},"size":5.658287048339844,"orthographic":false}