{"cameraMode":{"drawMode":0,"name":"Shaded","section":"Shading Mode"},"sceneLighting":true,"audioPlay":false,"sceneViewState":{"showFog":true,"showMaterialUpdate":false,"showSkybox":true,"showFlares":true,"showImageEffects":true,"showParticleSystems":true},"in2DMode":false,"pivot":{"x":169.1356201171875,"y":158.42237854003907,"z":279.1400146484375},"rotation":{"x":0.005530634894967079,"y":-0.9815810322761536,"z":-0.18897229433059693,"w":-0.028869090601801873},"size":63.49931716918945,"orthographic":false}